{"mae": 0.4145, "r2": 0.9808, "last_trained": "2025-12-03 15:51:06", "feature_importance": {"timestamp": 0.8242016733675452, "hour": 0.023257434647186617, "humidity": 0.05449259725840045, "wind_speed": 0.09804829472686767}}